run,lockTx,block,bridge,lockGasUsed,gasPriceGwei,lockGasCostPol,msgValuePol,gasPaidPol,refundPol,netRelayPol,refundTx,gmpSeconds,polUsdAtTx,axlUsdAtTx,claimTx,claimGasUsed,claimFeeNtrn,axlAttached,untrnAttached
1,,,,,,,,,,,,,,,136AE9259E1A20C5A38937105F9A5809C6FA591EDAFE70DAF684E64D820FB541,466792,0.014863,1,0.45
2,,,,,,,,,,,,,,,7F3F19CA0646A1C50109C63B2625A1C4E1361CC8A6126393F59908AFCE3AA7FD,467094,0.014874,1,0.45
3,,,,,,,,,,,,,,,1E00C60BAA7B84317D6D2C6401FF122C61CC8EB94B0DDA1F62C38606B7773EBD,467073,0.014873,1,0.45
4,,,,,,,,,,,,,,,37FE96F72E33479A272BAD678D69B280481E858ED710090A61C4BE6EEC33EEBE,467100,0.014874,1,0.45
5,,,,,,,,,,,,,,,B02352FDF35EC7931C8CEDA65181E2200E90EC55BB584B41167F6B71136C10F2,467172,0.014877,1,0.45
6,,,,,,,,,,,,,,,04FF99B866A7D5A647033839CE87F7036802A89DE7F88CFFBE7222B57BC97794,467157,0.014876,1,0.45
7,,,,,,,,,,,,,,,122AB07DC5055F56084C8411E3C353CA7A56946C8EDE66CA1C932B76A52A232D,467114,0.014875,1,0.45
8,,,,,,,,,,,,,,,31C01B20ADCD5D139CB9D9FE4F4E07D396BFCA80296A4C23AEE4D2AD49BABCF6,467118,0.014875,1,0.45
9,,,,,,,,,,,,,,,C60C42FE07A64DC26389FBF7CBAB223B30E815AC2F2124A8D585164292548A29,467113,0.014875,1,0.45
10,,,,,,,,,,,,,,,14B151BF80B7A44D01FA01F713A28C49FD8238FBBB7E7D9E6300684C3A34211C,467330,0.014881,1,0.45
11,,,,,,,,,,,,,,,5B162A9E5CBA1664AC84058AD1BC3EE8560D4CB61F529DEB88A0F53CE426D1CB,467325,0.014882,1,0.45
12,,,,,,,,,,,,,,,E5DC308A4C495176C2907EFA56AAC5531D57471FF62DE0A9F937ECD90ADFD536,467336,0.014882,1,0.45
13,,,,,,,,,,,,,,,866A88A529BAD312F5D4A0B4419A57157464005A95C4FCAB72CA10FB0B652B89,467334,0.014882,1,0.45
14,,,,,,,,,,,,,,,90457727363C8CFC90BFD41400117465EBF7C59475883515A933ACBAF2552FCB,467313,0.014882,1,0.45
15,,,,,,,,,,,,,,,58EE88D913092AF70A5E4EBDB2702BC7BCBB19B4F7E28DEF74445A5004041F49,467307,0.014881,1,0.45
16,,,,,,,,,,,,,,,28599175FA45843B10499EC3C1B154D1CAFE0D151C5D62A283412F9B073C015D,467338,0.014882,1,0.45
67,0xe4e2288c1ae31df3693cf2754e3b093117003f355261ff6e5c9330f8899c9c1c,90506793,0x810B1CD48B50a8Ae6594C2ac46f6A5bFA9Ab5F6b,639191,351.351311923,0.2245805964193743,1,0.9,0.7653400909642637,0.13465990903573632,0x44837adab34c94f7be251d8ff7c522fa6db5d70e656e9f1d75f602bdd9f9a7c0,18,0.081283,0.04023801,8B90FC3B72CBA92578CB7D6B0342D2ACDA60E60C2C672AB142E687A0C253CB3E,467935,0.014903,1,0.45
68,0x31ee193addb0c946c2f265988cc0dfd4db690d944196d2fff2025fc835d2dcd0,90506922,0x810B1CD48B50a8Ae6594C2ac46f6A5bFA9Ab5F6b,639191,347.594873554,0.2221795148218548,1,0.9,0.7655263325019773,0.1344736674980227,0xb3fe21983868dfe003aee13079e242c469dc08cba2f93ac0b2f64aaaf01debf0,16,0.081283,0.04023801,F71CC253272F61290A2562C122FB55BE84E14F67913D5316E2D2C248CD808A0D,467937,0.014903,1,0.45
69,0xa142bdebfda5fc4550d430ffcdfa967f2f56b8e8d8cd2b58765a5a1b356db089,90507004,0x810B1CD48B50a8Ae6594C2ac46f6A5bFA9Ab5F6b,639191,350.606344884,0.22410442019274884,1,0.9,0.7654999055638174,0.1345000944361826,0xecc5f61363ffe05c1ec0ef57c7e738efe29843923adfee35abcfd94333c61e34,19,0.081304,0.04019016,DC94ADE89CCFFDE4AC1C7B32FB6B847A0323E58CB91B0FDF197926575A9E48FB,467928,0.014903,1,0.45
70,0x4df58fbfc41178deaee8ba883f2870d5190689b03e56833311df9abecb79595e,90507089,0x810B1CD48B50a8Ae6594C2ac46f6A5bFA9Ab5F6b,639179,349.961607086,0.2236881100556224,1,0.9,0.7657277062574699,0.13427229374253014,0x3e618741de68d72d293ff27d8df29d644431e58b367bd1d791c6061c18c9db37,16,0.081304,0.04019016,87CF55A73D3DBE18EE12AB6910862280E166E43EB8371BAE617F7EAAC79628EF,467944,0.014904,1,0.45
71,0xa8ed6f46a68de70b50cd03287f3eb86bf869be4e8dab1276890bf03013b76dde,90507171,0x810B1CD48B50a8Ae6594C2ac46f6A5bFA9Ab5F6b,639191,350.500235598,0.22403659609212123,1,0.9,0.7655363538961513,0.13446364610384876,0xaf5731eae227f46990d2a137c4f729e58d7ebad2166a9dd6f9d2cd1dbdf09405,18,0.081328,0.04019392,48C9A5EA7F759C423FAFD0D8A251ECAE07FA64CA24EC185F74C49557FBB6D494,467947,0.014904,1,0.45
72,0xb93663e404abf11febfd46a825456a5337451c2053e5bd89ba0631892b0b47f5,90567973,0x810B1CD48B50a8Ae6594C2ac46f6A5bFA9Ab5F6b,639191,349.04585712,0.22310697045838992,1,0.9,0.7639060871247831,0.13609391287521688,0x5aabaf645f1f9f2b9813ade44f5e5abe68fd07fd58150aa3837ca478f35f06d6,16,0.080274,0.04020815,4D22FE5A4A5F67CDB433674EBDA76E06713D29F4A9033FCFB87B81DF93DA0F1A,467916,0.014903,1,0.45
73,0x860f9edf9e87f1657c5598a9c687147e8a2c3a36c4a62a00801f40b383102b3b,90568057,0x810B1CD48B50a8Ae6594C2ac46f6A5bFA9Ab5F6b,639191,348.640737132,0.22284802140814022,1,0.9,0.7638550852644016,0.13614491473559842,0xe92fddabee6b08bbb332dd2a424d5daf44b74eb7a5d2c2dcc1641de8cb315f90,22,0.080274,0.04017285,DFF82FDAACBFC371A4BF3816448EECE4023FC2076AB219A7E803FC218C18ECC5,467923,0.014903,1,0.45
74,0xc4cb6d802d60662e593eb145ca2c22f076d5f902f4fdab7832224dc385bc0224,90568139,0x810B1CD48B50a8Ae6594C2ac46f6A5bFA9Ab5F6b,639191,351.477812434,0.2246614544075009,1,0.9,0.7638940638882544,0.1361059361117456,0xe333831f63352915df5c9226a6f0165d8f764d4b21b5969e18c543ac60cde2bf,18,0.080229,0.04017285,79DC4F05AFC16EE2B00410B8DE59B6012CCD502624C995C6E6285F77C84F3102,467910,0.014902,1,0.45
75,0x87b85aecfde2a6e7986610c3c691fe47fa2268551ce3c5e82edf73276f3ecb87,90568243,0x810B1CD48B50a8Ae6594C2ac46f6A5bFA9Ab5F6b,639191,348.061335392,0.22247767303054788,1,0.9,0.7640471042808386,0.13595289571916147,0x195a31d43bf6584023bef53ef4cb89d4f3d63f84aee79179eadca6490fd61cf6,16,0.080229,0.04017285,8FA8836395813A799B068228A16ECBD56B9065B3E6A795622F55B848F83F6176,467946,0.014904,1,0.45
76,0x495548177de293d98b2636380a5eade2a32e0842812fa521637e7f97e2abc450,90568324,0x810B1CD48B50a8Ae6594C2ac46f6A5bFA9Ab5F6b,639191,349.348391683,0.22330034782824845,1,,,,,,,,16514226F039BE9285063316CF14F156AD8D37A09C50DECAB73025372EA6255B,467926,0.014903,1,0.45
77,0x545e33554df9da97f3854473dec6064a69a4081bd0d5d91b52b83c3c63886b52,90626117,0x810B1CD48B50a8Ae6594C2ac46f6A5bFA9Ab5F6b,639191,351.107137729,0.22442452247213723,1,0.9,0.7615074437467677,0.1384925562532323,0xed932ae7c56f43f60b368b224e2990ff3d2603f45d8bc57b41de60c2877d62a0,21,0.080675,0.04126671,7FA6A4101103CE3BA67E2818993FE3E6182586B3D1347A87B04DFC39370F98D0,467923,0.014903,1,0.45
78,0xcfc13b33bfe6ce0faf04498b11087ef6da6a31fcb107f46f9cfe6363fc3aa01f,90626201,0x810B1CD48B50a8Ae6594C2ac46f6A5bFA9Ab5F6b,639191,349.217508173,0.22321668826660804,1,0.9,0.7611931120794209,0.13880688792057916,0x9ba50dcf7360a6ad9db5d386f9507db2c1595398950f6150288e46fcc0ae5d8e,15,0.080655,0.04126671,B4CF587B5928A102788723705999A76CEFD395F05980D335CD03A33D769F920B,467928,0.014903,1,0.45
79,0x5cd6d9b264beef4193ab6852ef1a364de3a85502265f73dd543c50033c6e6af1,90626284,0x810B1CD48B50a8Ae6594C2ac46f6A5bFA9Ab5F6b,639191,350.99708187,0.22435417575756716,1,0.9,0.7616396468419185,0.13836035315808148,0xd79c7a8d2d5cd7a590498ade02ff073f00589f051ad80234713ba95dae0040f6,20,0.080655,0.04123741,136E1A3F588A97F25879D5A040E6472CD85312923D23E61FEC3541316FABF0EA,467937,0.014903,1,0.45
80,0xbc48c3c1ed75d9fee07ac75957b61ea8c33e0bbdec3b901fe221d27635466326,90626370,0x810B1CD48B50a8Ae6594C2ac46f6A5bFA9Ab5F6b,639191,348.890687906,0.22300778769332405,1,0.9,0.7616893945712286,0.13831060542877138,0x3b6873cc77b4b2f1255f8abdab11ca11d3b3898447e2d7b3ae920a17b9115e61,15,0.080688,0.04123741,517FAA44E45DF011E2EBABAADA8166D9230C1336F25BBD925FC708728E9261BD,467941,0.014904,1,0.45
81,0x82eb55eac8bb0a5a9aaacbc0d73cf41cf58c3ac5fa782729c0d7fc517d6a40ed,90626454,0x810B1CD48B50a8Ae6594C2ac46f6A5bFA9Ab5F6b,639191,353.061267626,0.22567358471513058,1,,,,,,,,6CD22F74AF5BE65EEFAEA8FFD03A31A1DFBB97098DB12351B96BE2A5447000E4,467946,0.014904,1,0.45
82,0x53c07c124a1371af466dac77e3be8ef5209140046f6ad56a8d28c0cafebc7614,90688340,0x810B1CD48B50a8Ae6594C2ac46f6A5bFA9Ab5F6b,639191,348.872272335,0.22299601662608098,1,0.9,0.756882839375962,0.143117160624038,0x25f08daf2a7c7510cb0f46501c36859bb6edef49e61a290c08f887111cf8ce2e,10,0.078647,0.04177122,27EF06CFC56968D7957D647811D9FC21A197DB67BBF43EC085882CA57FFEAB63,467907,0.014902,1,0.45
83,0x246ec2abe0eade511d4af2c68083d77fc9b9213d5084ac125967ab51d021360c,90688417,0x810B1CD48B50a8Ae6594C2ac46f6A5bFA9Ab5F6b,639191,350.842625917,0.22425544890251314,1,0.9,0.7567425157467987,0.14325748425320128,0xd8ca465a5db2c199ccc790c2b7b1c5693356e52c6a9cf608c7b0bff3c6459a6d,20,0.078647,0.04175666,08C539B4AF41E1454D2404EECFEFEC4118C707F71FC6813582FB903A18CC8D91,467926,0.014903,1,0.45
84,0x63b7319d32094f0d57a8cc52245a08f86a03a7cdd317434134c6fcd2d6ab39c2,90688501,0x810B1CD48B50a8Ae6594C2ac46f6A5bFA9Ab5F6b,639191,351.151161431,0.2244526620262423,1,0.9,0.7564632260880018,0.14353677391199826,0x64b9fd277d11c8b16618f12202fe1d52b8c0398192604429625d94319c5278be,14,0.078475,0.04175666,A04716BBEF68F7E893CE4E11033DE184FB6E2BE82876CADEF83F26E4C592D742,467931,0.014903,1,0.45
85,0xe9960440099bd4c9ed39f8c69656566bfc6e722919eb2d304fd185842a8d8c1b,90688575,0x810B1CD48B50a8Ae6594C2ac46f6A5bFA9Ab5F6b,639179,351.685252558,0.22478982804476988,1,0.9,0.7562175420373423,0.14378245796265776,0x88635585ddbd20e4b2d8f135635163ec42900939daabdb089a40ea8fc235ee6c,16,0.078475,0.04175666,ECE5A7498BA2C0CCB8B22F1156AFFE40EF6AEBA344B46A3461EE09DC2F3932F1,467910,0.014902,1,0.45
86,0xfd2ef6829c0e36df67a4b32a7fdc4fdb406e106d0ed19b3a4eb73529c8e92ede,90688659,0x810B1CD48B50a8Ae6594C2ac46f6A5bFA9Ab5F6b,639191,349.493596378,0.2233931613624502,1,0.9,0.7563744322447686,0.1436255677552314,0xcf58daf3f0e0a739c863c61ba4cc90a8cead3b16507a535ad81aeb5e5d15fab4,16,0.078475,0.04184987,673B2652254BAB87677D05DDA62FE7739949F66801116CEFF7F6C8C75B2A5C70,467952,0.014904,1,0.45
87,0x7a496c0c99674aebe89764e9d0b202721c230f6e2c17a0eb18dce3ffc83dd656,90744914,0x810B1CD48B50a8Ae6594C2ac46f6A5bFA9Ab5F6b,639191,355.553736679,0.22726674850158668,1,0.9,0.7561721989312565,0.1438278010687435,0x8a25ffdaf33ef7f748ffdc565043ec02ae327fb7e388c4479782df383838a5ff,16,0.076566,0.04082987,7F2F7788E6D55D64D011F76E48F1C1523AB2DBCB248E659A63BEFF69D3B975FA,467935,0.014903,1,0.45
88,0x3bf3058eb09e672b36dd6efe429b1fba28cbee1f4c190f22af8c58436b5f1b2f,90745000,0x810B1CD48B50a8Ae6594C2ac46f6A5bFA9Ab5F6b,639191,474.272989673,0.30315102654207454,1,0.9,0.75012335851906,0.14987664148094004,0x8ce30ffc1df3ad951db6ee5fffcbaf1b4f1d5d00c188272d5e3a83b02da73888,17,0.076758,0.04082987,BCC47D46EA8BDC523DD088D1129FA003B3FCE25F97818455E6ECA5531ABAD3C1,467940,0.014904,1,0.45
89,0xa759db15fd0f6c9cac8e701893e9f848d83188ea0d0e99293a40ebc204fa890d,90745081,0x810B1CD48B50a8Ae6594C2ac46f6A5bFA9Ab5F6b,639191,347.559803747,0.22215709851684867,1,0.9,0.7566908978490364,0.1433091021509636,0x85449cad6d2b03317c3f3ee2a71ae65db8369c72f68f2d23ff22e5182c7c2998,14,0.076758,0.04082987,84174E608D121CE922E04E7F1430BD3FA46E133FC65574C63C1C66B1B076DCE9,467940,0.014904,1,0.45
90,0xadca95dc19293211edaecbcc368df2a0fd1a98f1129a594591477919dc77acc5,90745169,0x810B1CD48B50a8Ae6594C2ac46f6A5bFA9Ab5F6b,639191,348.07485371,0.2224863138177486,1,0.9,0.756386274849677,0.143613725150323,0x19793db2b7edca9582402b0ebf55937c8d3901203fd273f86631fa580c08e7e0,2664567,0.076494,0.04073461,8032716B28258397E0814997A02DFF25EF6C8D40203D9BEE7AA42CE8C8CDE210,468026,0.014907,1,0.45
91,0x9e46710ccebcf84720e673502aea147c4785562cc10ace91034fa16f0232873a,90745256,0x810B1CD48B50a8Ae6594C2ac46f6A5bFA9Ab5F6b,639191,348.455470576,0.222729600692944,1,0.9,0.7565684378360545,0.14343156216394548,0x7494caec22eed19f763e3f1cf596b806ded1f0e4b000891a182c5c78ec5e1231,15,0.076494,0.04073461,91D21640E2AF8CAF899D841A4578AF3ACF10510E38622DB5F9228899D7F5A50A,468016,0.014906,1,0.45
92,0xa133aee207e4e50dce04929379bfe4181258840d187b68211cf31bffec309b12,90752057,0x810B1CD48B50a8Ae6594C2ac46f6A5bFA9Ab5F6b,639191,347.805093843,0.222313885738601,1,0.9,0.7571693025816385,0.14283069741836152,0x80a16542bcead4face404e173c96cd8ba2f50fee6aba763cac683efc328bb7a1,17,0.07672,0.04056094,3D2C5533084D8783A81003F432A667C8A9A91F6F2114F7654BA67932EAB90BCF,467992,0.014905,1,0.45
93,0xad07fb44b0958188b05f3f01c719040fc0e1005eceac343a4bafd9a3d7b6a2a8,90752145,0x810B1CD48B50a8Ae6594C2ac46f6A5bFA9Ab5F6b,639191,352.643258728,0.22540639718960906,1,0.9,0.7577175987738802,0.1422824012261198,0x975f6139c3cad0681b854959c49879d96cc93ea920c9de85e8cb4a1e4d4c5f56,19,0.07672,0.04046796,324E84C6FA9C21247C166209EA611CA151B6AED3738B7D6BF9D1F807324A23EE,467973,0.014905,1,0.45
94,0xd357ddb173a53827604bb567828102db6c1fa5eee95514b1ead4dde81e142a86,90752227,0x810B1CD48B50a8Ae6594C2ac46f6A5bFA9Ab5F6b,639191,349.877620629,0.22363862620747113,1,0.9,0.7579582325867493,0.1420417674132507,0x8f8215a77c4e289d72c52c1e4187e32e52210f96627aa7f5566b0cb8cf5274a6,9,0.07683,0.04046796,B948DC216DCF28CF9723CC434B9606CC922C0FA92B3618EAC5D52C05C826D64D,468001,0.014906,1,0.45
95,0x78bbbfb99f3d108884fae93d2d15b97733d6da24a41760a254e23ddcf080dcc0,90752313,0x810B1CD48B50a8Ae6594C2ac46f6A5bFA9Ab5F6b,639191,346.488353073,0.22147223688908393,1,0.9,0.7578000450537441,0.14219995494625592,0x567416615c298fd705c81a5e909f9d17ebe89375393c438e0a1574d23f507934,17,0.07683,0.04046796,25C709C93A340146EB40F0801F9F328F99856EC25CA0ED3B553B6EDFA2815121,467999,0.014904,1,0.45
96,0xd9a3c3979ea223ade79e243623b59611c51248cf73b8d7fa7a61fe1872d72da3,90752405,0x810B1CD48B50a8Ae6594C2ac46f6A5bFA9Ab5F6b,639191,348.320407866,0.2226432698242764,1,0.9,0.7578272537095421,0.14217274629045795,0xf6ab1845d7b9093d9fc584244a0581ce140e0ff6dbea6dec97d8c7b03fa14cd2,17,0.076739,0.04046011,D3441B89037E3396EFD65EF6D7CEC752CA2C8E71038BDA9C6115829B8C16EDDE,467968,0.014905,1,0.45
97,0xfc85c8e3683d8e5cadc56b19ef67927e56d5572e20bd463e31300e075e6dbc19,90752495,0x810B1CD48B50a8Ae6594C2ac46f6A5bFA9Ab5F6b,639191,346.935861929,0.22175828052225943,1,0.9,0.7575772572756844,0.14242274272431565,0x04a18e8454e65660bc2f63b5ae01cf6ff2a5b7ca4526c5284cc07abb10123741,18,0.076739,0.04046011,D17F3ECBD10ECF552EB6E9B7CDB4EE86315DD4576669D6F59B770553ECD48BA0,467949,0.014904,1,0.45
98,0xca61e0f471458ccaf68f4a7758ed43af9e9c130c5f8c05ae2902e27c24137aa6,90752580,0x810B1CD48B50a8Ae6594C2ac46f6A5bFA9Ab5F6b,639191,349.394437617,0.22332977997484785,1,0.9,0.7578541539745632,0.14214584602543678,0x67681bf2c36fb188be6a4a09ada948f45f2be8d3540589456ffb912cfd9b2330,18,0.076739,0.0404397,CAAEC885BD7E955BA1806DBC0FED85360BFD804E3B41FBD47A004F0467FE536E,467983,0.014905,1,0.45
99,0xbb4807c7f010f401d53083a5cecd91f1e863cdf439e63ed02d1542f10b0ac284,90752663,0x810B1CD48B50a8Ae6594C2ac46f6A5bFA9Ab5F6b,639179,349.768069811,0.22356440509372516,1,0.9,0.7578733605996001,0.14212663940039993,0x4b9bf12a592b214c3d706412135ad0513f22d246f0662619647e640797577b81,21,0.076733,0.0404397,8F85022692540BD9907417BFF76D4B8074DC4890CB922DC50AF2368FA81A0879,468012,0.014906,1,0.45
100,0x974ca7fba263336cf647c7e797041412d57bfb964843b966e22872f01246a336,90752747,0x810B1CD48B50a8Ae6594C2ac46f6A5bFA9Ab5F6b,639191,355.41020814,0.22717500635121474,1,0.9,0.7580039290155042,0.14199607098449585,0x354f485fe43b72f788eacb1d5a594e173c8ce3104b82572c1533399d69579210,15,0.076733,0.04024279,61B62286CFD72817AF932B11BEA1651D7F778EB0466864587B6DEA5ABCB88E23,468003,0.014906,1,0.45