latency_s,cdf
80,0.0200
86,0.0400
92,0.0600
93,0.0800
93,0.1000
93,0.1200
94,0.1400
94,0.1600
94,0.1800
95,0.2000
95,0.2200
96,0.2400
96,0.2600
96,0.2800
96,0.3000
96,0.3200
96,0.3400
96,0.3600
96,0.3800
96,0.4000
96,0.4200
96,0.4400
96,0.4600
97,0.4800
97,0.5000
97,0.5200
97,0.5400
97,0.5600
97,0.5800
98,0.6000
99,0.6200
99,0.6400
99,0.6600
99,0.6800
100,0.7000
100,0.7200
101,0.7400
102,0.7600
103,0.7800
104,0.8000
107,0.8200
108,0.8400
115,0.8600
117,0.8800
122,0.9000
124,0.9200
127,0.9400
141,0.9600
156,0.9800
164,1.0000